path,label,features,pca_feature_1,pca_feature_2
s3://fruitlabbucket/images/apple_red_3/r0_143.jpg,apple_red_3,[0.572215 0.       0.       ... 0.       0.890438 0.      ],5.864688818329365,-6.937094595432151
s3://fruitlabbucket/images/apple_red_3/r1_115.jpg,apple_red_3,[0.6560408 0.        0.0104869 ... 0.        1.1529981 0.       ],6.081268852039317,-8.014033516842197
s3://fruitlabbucket/images/apple_golden_3/r1_163.jpg,apple_golden_3,[0.19841138 1.6265926  0.21004342 ... 0.         0.35219145 0.11048631],0.3805552165868603,-3.4698722507759245
s3://fruitlabbucket/images/apple_golden_3/r1_99.jpg,apple_golden_3,[0.05129127 0.5816493  0.30200362 ... 0.         0.4568084  0.        ],0.1293378129417702,-3.0041857146125346
s3://fruitlabbucket/images/apple_golden_3/r1_147.jpg,apple_golden_3,[0.08683176 0.82085997 0.05965713 ... 0.         0.38213944 0.15683188],-2.6664633939078617,-7.739126594567531
s3://fruitlabbucket/images/apple_golden_3/r0_23.jpg,apple_golden_3,[0.884216   0.10812335 0.1939533  ... 0.         0.78255624 0.        ],-6.851847627438272,-2.394312452392813
s3://fruitlabbucket/images/apple_golden_3/r0_275.jpg,apple_golden_3,[0.08310808 1.2413778  0.16599445 ... 0.         0.06344003 0.        ],-9.843623780428,-2.9845386102092566
s3://fruitlabbucket/images/apple_golden_3/r0_123.jpg,apple_golden_3,[0.03913371 0.46496853 0.02629463 ... 0.         0.20047036 0.        ],-10.725236418040854,-3.277743982386043
s3://fruitlabbucket/images/apple_golden_3/r0_131.jpg,apple_golden_3,[0.05643649 0.4132912  0.02560155 ... 0.         0.21144038 0.        ],-11.171210913883208,-3.6827877517312726
s3://fruitlabbucket/images/apple_red_3/r0_131.jpg,apple_red_3,[0.73375577 0.04370415 0.00154963 ... 0.         0.72621864 0.        ],-10.90173816976264,-5.22602431059716
s3://fruitlabbucket/images/apple_golden_3/r1_251.jpg,apple_golden_3,[0.24248952 2.0382626  0.12299109 ... 0.         0.21198362 0.        ],-10.1971426129244,-3.430992955008193
s3://fruitlabbucket/images/apple_golden_3/r1_283.jpg,apple_golden_3,[0.27498984 1.1670693  0.         ... 0.         0.13350667 0.01488303],-1.8491116982707163,7.1005104271750445
s3://fruitlabbucket/images/apple_golden_3/r1_279.jpg,apple_golden_3,[0.11873651 0.97551566 0.         ... 0.         0.13502848 0.        ],4.158600590191492,0.4422840236839386
s3://fruitlabbucket/images/apple_golden_3/r1_115.jpg,apple_golden_3,[0.1085888  0.80009973 0.05996953 ... 0.         0.43011335 0.01032658],-5.195910309552519,-1.4275845663597762
s3://fruitlabbucket/images/apple_golden_3/r0_251.jpg,apple_golden_3,[0.10989972 1.3216726  0.1053742  ... 0.         0.14020799 0.00284886],5.702449422141133,-6.575902030823711
s3://fruitlabbucket/images/apple_golden_3/r1_139.jpg,apple_golden_3,[0.16013953 0.726932   0.12552394 ... 0.         0.30161157 0.10839056],-9.20198048757424,-2.250320526205325
s3://fruitlabbucket/images/apple_red_3/r0_31.jpg,apple_red_3,[0.8783124  0.01218957 0.         ... 0.         0.84648293 0.        ],-12.626272262845406,-1.5325173554021254
s3://fruitlabbucket/images/apple_golden_3/r1_43.jpg,apple_golden_3,[0.04085472 0.1944963  0.         ... 0.         1.4456705  0.        ],-8.006897308321625,-2.2184803890031604
s3://fruitlabbucket/images/apple_golden_3/r0_67.jpg,apple_golden_3,[0.27324268 0.10993399 0.04435169 ... 0.         0.34608626 0.        ],-10.313227809278848,-2.9113129548829004
s3://fruitlabbucket/images/apple_golden_3/r0_19.jpg,apple_golden_3,[0.4557893  0.14332722 0.26243994 ... 0.01634412 0.68918735 0.        ],-10.810703885076284,-2.925607134951937
s3://fruitlabbucket/images/apple_golden_3/r0_27.jpg,apple_golden_3,[0.8671362  0.         0.11268049 ... 0.         0.67105186 0.        ],-11.060656692635211,-3.5025540547418283
s3://fruitlabbucket/images/apple_golden_3/r0_259.jpg,apple_golden_3,[0.36666095 1.831596   0.01341064 ... 0.         0.13961011 0.        ],-10.146878995768256,-2.188938910566278
s3://fruitlabbucket/images/apple_golden_3/r1_203.jpg,apple_golden_3,[0.22168311 0.48238832 0.48537806 ... 0.         0.2199276  0.        ],5.4783856106857165,2.033093891786824
s3://fruitlabbucket/images/apple_golden_3/r1_183.jpg,apple_golden_3,[0.07436027 0.8040532  0.529703   ... 0.         1.1525323  0.        ],2.588968836174556,-8.009338186735434
s3://fruitlabbucket/images/apple_golden_3/r0_55.jpg,apple_golden_3,[0.9007601  0.07492557 0.443838   ... 0.         0.91522926 0.        ],3.4359276617924057,-1.4280952274605268
s3://fruitlabbucket/images/apple_golden_3/r0_31.jpg,apple_golden_3,[0.71315205 0.01083195 0.08449902 ... 0.         0.62851536 0.        ],3.21545658104396,-3.248889000284229
s3://fruitlabbucket/images/apple_golden_3/r0_271.jpg,apple_golden_3,[0.2608607  1.5677962  0.0946322  ... 0.         0.04848728 0.        ],-8.670387421016926,-2.177335782805088
s3://fruitlabbucket/images/apple_golden_3/r0_247.jpg,apple_golden_3,[0.16598515 1.0573633  0.2442892  ... 0.         0.18285073 0.        ],-9.31822102359869,-2.076307691966796
s3://fruitlabbucket/images/apple_red_3/r1_135.jpg,apple_red_3,[0.40135753 0.11428951 0.01211554 ... 0.         1.0089637  0.03802416],-11.476432916016783,-2.7968874135177484
s3://fruitlabbucket/images/apple_golden_3/r1_27.jpg,apple_golden_3,[0.         0.08056225 0.         ... 0.         0.5795117  0.        ],-10.812538329083475,-2.360271629644496
s3://fruitlabbucket/images/apple_golden_3/r1_247.jpg,apple_golden_3,[0.3326466  1.9789697  0.10739336 ... 0.         0.32508808 0.        ],-10.265264452510348,-2.950097418850952
s3://fruitlabbucket/images/apple_golden_3/r1_95.jpg,apple_golden_3,[0.13478144 0.55945855 0.21925233 ... 0.         0.32895148 0.        ],-8.305787338072092,-2.020603065269313
s3://fruitlabbucket/images/apple_golden_3/r0_287.jpg,apple_golden_3,[0.03780029 1.344395   0.30174714 ... 0.         0.05687862 0.        ],1.539466327400764,3.206128720977121
s3://fruitlabbucket/images/apple_golden_3/r0_103.jpg,apple_golden_3,[0.00934134 0.2668726  0.04787163 ... 0.         0.05488682 0.        ],4.223491106662066,2.2715808967576536
s3://fruitlabbucket/images/apple_golden_3/r0_83.jpg,apple_golden_3,[0.11850469 0.00786703 0.00801463 ... 0.         0.01780366 0.04721314],-3.4722527397134706,-3.2775722351064585
s3://fruitlabbucket/images/apple_red_3/r1_311.jpg,apple_red_3,[0.16102359 0.01464807 0.         ... 0.         0.10150106 0.05279743],-7.602816902873013,-2.1087219458906032
s3://fruitlabbucket/images/apple_golden_3/r1_51.jpg,apple_golden_3,[0.00969854 0.3089218  0.0050787  ... 0.         1.4775172  0.        ],-9.74069475123426,-3.0087962312348377
s3://fruitlabbucket/images/apple_golden_3/r1_175.jpg,apple_golden_3,[0.03701888 0.6950089  0.41127646 ... 0.         0.80265754 0.        ],-8.058672974980539,-2.237519601463083
s3://fruitlabbucket/images/apple_golden_3/r0_175.jpg,apple_golden_3,[1.1910875  0.54887617 0.0453043  ... 0.         0.06876315 0.06542609],-11.398791622687158,-1.864295398259596
s3://fruitlabbucket/images/apple_golden_3/r0_39.jpg,apple_golden_3,[1.0699565  0.21494846 0.00708763 ... 0.         0.71030325 0.00459394],-11.780927387257035,-2.1573008091766903
s3://fruitlabbucket/images/apple_golden_3/r0_303.jpg,apple_golden_3,[0.38700292 0.6333405  0.05293383 ... 0.         0.29478306 0.        ],-10.84066098122557,-3.3983585459229517
s3://fruitlabbucket/images/apple_golden_3/r0_107.jpg,apple_golden_3,[0.01115931 0.23107974 0.13323589 ... 0.         0.12212004 0.01082457],-8.957768108196458,-1.445150401562605
s3://fruitlabbucket/images/apple_golden_3/r1_211.jpg,apple_golden_3,"[7.2075471e-02 4.4575852e-01 3.6935103e-01 ... 0.0000000e+00 1.9930820e-04
 0.0000000e+00]",7.067146920816495,-7.15732668547257
s3://fruitlabbucket/images/apple_golden_3/r1_243.jpg,apple_golden_3,[0.30603614 1.9941255  0.09663247 ... 0.         0.10661854 0.        ],3.8546681243739926,-5.254047519829069
s3://fruitlabbucket/images/apple_golden_3/r1_7.jpg,apple_golden_3,[0.08130721 0.11385342 0.         ... 0.         0.1456586  0.        ],1.088641938103873,-1.0146798210234782
s3://fruitlabbucket/images/apple_golden_3/r0_51.jpg,apple_golden_3,[0.85623807 0.44133124 0.26453322 ... 0.         0.6431532  0.        ],-4.591962405649997,-1.994060981856648
s3://fruitlabbucket/images/apple_golden_3/r0_215.jpg,apple_golden_3,[1.0864015  0.59820604 0.         ... 0.         0.35901454 0.00189087],-9.519681065451488,-2.814816858290148
s3://fruitlabbucket/images/apple_golden_3/r0_283.jpg,apple_golden_3,[0.10435304 1.1309739  0.10534864 ... 0.         0.03413771 0.        ],-7.241781708542922,-2.6333401319221483
s3://fruitlabbucket/images/apple_golden_3/r1_135.jpg,apple_golden_3,[0.1194912  0.5514797  0.11841932 ... 0.         0.46675506 0.01691756],-10.090435171704383,-3.657596112113759
s3://fruitlabbucket/images/apple_red_3/r1_7.jpg,apple_red_3,[0.09936879 0.00314014 0.         ... 0.         0.03679434 0.        ],-10.501617483300306,-3.937629108590159
s3://fruitlabbucket/images/apple_golden_3/r1_31.jpg,apple_golden_3,[0.         0.03432522 0.         ... 0.         0.6721182  0.        ],-11.03564849496406,-3.054498878163008
s3://fruitlabbucket/images/apple_golden_3/r1_71.jpg,apple_golden_3,[0.         0.4353528  0.12735504 ... 0.         0.6521771  0.        ],-9.93690759189822,-3.643372202400201
s3://fruitlabbucket/images/apple_golden_3/r1_267.jpg,apple_golden_3,[0.08131306 1.926074   0.04229972 ... 0.         0.4597702  0.        ],-1.9900737088031608,9.153278226954296
s3://fruitlabbucket/images/apple_golden_3/r0_155.jpg,apple_golden_3,[0.5672154  0.35942483 0.15545659 ... 0.         0.10134634 0.        ],1.502809451302412,7.868721380328298
s3://fruitlabbucket/images/apple_golden_3/r0_211.jpg,apple_golden_3,[0.6588723 0.5241335 0.        ... 0.        0.286506  0.       ],3.025090406029161,-1.0031229631664
s3://fruitlabbucket/images/apple_golden_3/r0_115.jpg,apple_golden_3,[0.02266907 0.48168296 0.05444476 ... 0.         0.18500374 0.00993775],-7.89252659468354,-2.03831345882836
s3://fruitlabbucket/images/apple_red_3/r1_175.jpg,apple_red_3,[0.2958193  0.         0.         ... 0.         0.15297532 0.        ],-9.545522004000924,-2.078786810062986
s3://fruitlabbucket/images/apple_golden_3/r1_83.jpg,apple_golden_3,[0.03564742 0.49220392 0.2316482  ... 0.         0.8748057  0.        ],-10.448035900445248,-2.582848874752963
s3://fruitlabbucket/images/apple_golden_3/r1_171.jpg,apple_golden_3,[0.2531704  1.0258921  0.4376798  ... 0.         0.92223823 0.        ],-10.421941588940744,-4.952586012426646
s3://fruitlabbucket/images/apple_golden_3/r0_167.jpg,apple_golden_3,[0.6625931  0.37455562 0.15962346 ... 0.         0.02478458 0.03683984],-10.285209935639006,-3.023443010352754
s3://fruitlabbucket/images/apple_golden_3/r0_183.jpg,apple_golden_3,[0.70825785 0.6383437  0.         ... 0.         0.18542473 0.04430557],-9.787855144069928,-2.0082386331028714
s3://fruitlabbucket/images/apple_golden_3/r1_143.jpg,apple_golden_3,[0.05444892 0.684183   0.09862561 ... 0.         0.40217602 0.10185798],-7.831346825441589,-2.453538414909894
s3://fruitlabbucket/images/apple_golden_3/r0_143.jpg,apple_golden_3,[0.19844222 0.41756618 0.0059452  ... 0.         0.07352861 0.        ],3.9006429708234767,-8.153572346038239
s3://fruitlabbucket/images/apple_golden_3/r1_123.jpg,apple_golden_3,[0.07432202 1.4525996  0.01551794 ... 0.         0.65939224 0.        ],-3.78733227650533,9.032079159209278
s3://fruitlabbucket/images/apple_red_3/r1_203.jpg,apple_red_3,[0.5112187  0.06940418 0.         ... 0.         0.8432289  0.        ],1.663267509961271,-0.5004124552304684
s3://fruitlabbucket/images/apple_golden_3/r1_235.jpg,apple_golden_3,[0.05046433 1.1640902  0.56321365 ... 0.         0.1930958  0.        ],-9.419034889398882,-2.4490605679071784
s3://fruitlabbucket/images/apple_golden_3/r1_39.jpg,apple_golden_3,[0.02196734 0.2097707  0.         ... 0.         0.90964884 0.        ],-5.122435752705196,-6.630147312329045
s3://fruitlabbucket/images/apple_golden_3/r1_55.jpg,apple_golden_3,[0.05239636 0.4883193  0.0060617  ... 0.         1.4347438  0.        ],-8.170104506598333,-2.3917373011868177
s3://fruitlabbucket/images/apple_golden_3/r1_103.jpg,apple_golden_3,[0.04507475 0.7957589  0.20243618 ... 0.         0.1967025  0.        ],-9.414546456503054,-2.132981677242495
s3://fruitlabbucket/images/apple_golden_3/r1_107.jpg,apple_golden_3,[0.09809031 0.74229574 0.00329529 ... 0.         0.14511034 0.        ],-10.08126034200151,-4.4845593092609
s3://fruitlabbucket/images/apple_golden_3/r0_203.jpg,apple_golden_3,[1.2751707  0.7495237  0.         ... 0.         0.17113394 0.05206572],-9.76591499107334,-3.20836091149138
s3://fruitlabbucket/images/apple_golden_3/r0_199.jpg,apple_golden_3,[1.1085422  0.64530456 0.10134627 ... 0.         0.15495953 0.00544013],-10.98463365361288,-4.506734360771944
s3://fruitlabbucket/images/apple_golden_3/r0_147.jpg,apple_golden_3,[0.32942653 0.5602429  0.04117295 ... 0.         0.08207303 0.        ],-1.9432610637653376,11.172802896625525
s3://fruitlabbucket/images/apple_golden_3/r1_127.jpg,apple_golden_3,[0.00543951 0.9585731  0.08483601 ... 0.         0.67627156 0.        ],6.077594918574245,-8.039281460144474
s3://fruitlabbucket/images/apple_golden_3/r1_199.jpg,apple_golden_3,[0.11386608 0.4899907  0.22914831 ... 0.         0.3151054  0.        ],-0.8238019366053388,-1.0130542644031726
s3://fruitlabbucket/images/apple_golden_3/r1_187.jpg,apple_golden_3,[0.03104405 0.8096038  0.8639686  ... 0.         1.4136357  0.        ],-8.21429163133598,-5.614198146308434
s3://fruitlabbucket/images/apple_golden_3/r1_15.jpg,apple_golden_3,[0.07632593 0.00542422 0.         ... 0.         0.14860849 0.        ],-9.366527735025723,-3.1709192058096582
s3://fruitlabbucket/images/apple_golden_3/r1_3.jpg,apple_golden_3,[0.01666717 0.14790979 0.00889066 ... 0.         0.02490593 0.        ],-10.05401916386788,-5.211176031414013
s3://fruitlabbucket/images/apple_golden_3/r1_303.jpg,apple_golden_3,[0.08606033 0.43940413 0.19405657 ... 0.         0.32394746 0.0095099 ],-9.304511409683547,-2.7029156526732474
s3://fruitlabbucket/images/apple_golden_3/r1_91.jpg,apple_golden_3,[0.04387379 0.59849143 0.19208655 ... 0.         0.26463583 0.        ],-10.872007547556851,-3.338064526282643
s3://fruitlabbucket/images/apple_golden_3/r0_3.jpg,apple_golden_3,[0.10404621 0.55118287 0.08902759 ... 0.16828054 0.36943758 0.        ],-10.100484767691125,-2.480881877744745
s3://fruitlabbucket/images/apple_golden_3/r0_223.jpg,apple_golden_3,[0.8872839  0.8159003  0.         ... 0.         0.18742326 0.00707119],-10.50466920281341,-4.824108960008208
s3://fruitlabbucket/images/apple_golden_3/r0_119.jpg,apple_golden_3,[0.04041764 0.5216607  0.23032925 ... 0.         0.27625254 0.        ],4.904033455471843,-8.100502438304723
s3://fruitlabbucket/images/apple_golden_3/r0_243.jpg,apple_golden_3,[0.56163895 0.87363    0.15678649 ... 0.         0.15811458 0.00874685],3.0294608856930507,-3.2550635872631357
s3://fruitlabbucket/images/apple_golden_3/r1_223.jpg,apple_golden_3,[0.1348511  0.5497671  0.16039042 ... 0.         0.05525156 0.        ],4.428247238429896,-1.2549706174740147
s3://fruitlabbucket/images/apple_golden_3/r1_59.jpg,apple_golden_3,[0.04432958 0.35851163 0.0580918  ... 0.         1.397026   0.        ],1.063542119578888,-2.931984086688399
s3://fruitlabbucket/images/apple_golden_3/r1_35.jpg,apple_golden_3,"[6.2436471e-04 2.7132112e-01 0.0000000e+00 ... 0.0000000e+00 1.4845425e+00
 0.0000000e+00]",-2.5859423869540774,-6.749261929780419
s3://fruitlabbucket/images/apple_golden_3/r1_67.jpg,apple_golden_3,[0.         0.4813414  0.01113563 ... 0.         0.3381883  0.        ],-8.62471449353516,-3.26441677646644
s3://fruitlabbucket/images/apple_golden_3/r1_259.jpg,apple_golden_3,[0.7059001  1.5301111  0.50054944 ... 0.         0.79116416 0.        ],-11.808135002152996,-1.6741328258286257
s3://fruitlabbucket/images/apple_golden_3/r1_287.jpg,apple_golden_3,[0.19339542 1.0836519  0.         ... 0.         0.05741238 0.        ],-11.3413999710007,-2.309878126892402
s3://fruitlabbucket/images/apple_golden_3/r0_159.jpg,apple_golden_3,[0.48080102 0.22322056 0.15715903 ... 0.         0.27727625 0.00951419],-10.599938245082535,-4.919444230069904
s3://fruitlabbucket/images/apple_golden_3/r0_191.jpg,apple_golden_3,[0.98638415 0.9375821  0.20749716 ... 0.         0.17689183 0.04323554],-11.329099529212424,-2.595944072611162
s3://fruitlabbucket/images/apple_golden_3/r0_299.jpg,apple_golden_3,[0.45494947 0.70942646 0.06031526 ... 0.         0.36343184 0.        ],4.757431567366577,-7.945505794387594
s3://fruitlabbucket/images/apple_golden_3/r0_111.jpg,apple_golden_3,[0.         0.2789596  0.05044381 ... 0.         0.17650585 0.01258481],-4.303816130855773,7.810534843649477
s3://fruitlabbucket/images/apple_golden_3/r1_239.jpg,apple_golden_3,[0.1783921  1.0945635  0.08556789 ... 0.         0.04352024 0.        ],1.1285759636748358,-3.1904982831535165
s3://fruitlabbucket/images/apple_golden_3/r1_215.jpg,apple_golden_3,[0.16691157 0.18386292 0.40236825 ... 0.         0.03488082 0.        ],-1.981781267032516,-3.3193804051071014
s3://fruitlabbucket/images/apple_golden_3/r1_179.jpg,apple_golden_3,[0.05635573 1.1576335  0.4212784  ... 0.         0.9762696  0.        ],-5.57748338664737,-3.24520282482691
s3://fruitlabbucket/images/apple_golden_3/r1_47.jpg,apple_golden_3,[0.         0.31803155 0.         ... 0.         1.6296197  0.        ],-9.151242397228234,-1.989191435525358
s3://fruitlabbucket/images/apple_golden_3/r1_275.jpg,apple_golden_3,[0.12687074 1.1522936  0.         ... 0.         0.330559   0.        ],-11.374682016232793,-2.3863724657750223
s3://fruitlabbucket/images/apple_golden_3/r1_299.jpg,apple_golden_3,[0.02739823 0.7048843  0.15664363 ... 0.         0.23330517 0.        ],-10.482542908703447,-4.671530458360792
s3://fruitlabbucket/images/apple_golden_3/r0_171.jpg,apple_golden_3,[0.6667804  0.29731557 0.099521   ... 0.         0.04323654 0.00440269],-10.830074298992594,-4.456792703954668
s3://fruitlabbucket/images/apple_golden_3/r0_187.jpg,apple_golden_3,[1.5989634  1.2907022  0.02648026 ... 0.         0.22534999 0.0901123 ],-9.7583373268957,-2.977334292147481
s3://fruitlabbucket/images/apple_golden_3/r0_99.jpg,apple_golden_3,[0.0027105  0.34732518 0.03035171 ... 0.         0.11073586 0.        ],1.6867442170035964,-7.941576284281829
s3://fruitlabbucket/images/apple_golden_3/r0_135.jpg,apple_golden_3,[0.00980627 0.3817706  0.         ... 0.         0.06502161 0.        ],6.738879729470745,-8.005707106474057
s3://fruitlabbucket/images/apple_golden_3/r1_227.jpg,apple_golden_3,[0.02460625 0.7605049  0.19422367 ... 0.         0.17954884 0.        ],2.7823056767240266,-4.619801426519397
s3://fruitlabbucket/images/apple_red_3/r0_243.jpg,apple_red_3,[0.08709948 0.00448686 0.00913852 ... 0.         0.905557   0.        ],3.75112416287911,-2.491706690779554
s3://fruitlabbucket/images/apple_golden_3/r1_63.jpg,apple_golden_3,[0.00253944 0.32794452 0.11555006 ... 0.         0.72838855 0.        ],-9.353723565197017,-4.287153494531492
s3://fruitlabbucket/images/apple_golden_3/r1_167.jpg,apple_golden_3,[0.12122907 1.1021693  0.11317629 ... 0.         0.5603664  0.        ],-9.181206472497832,-2.762736902377108
s3://fruitlabbucket/images/apple_golden_3/r1_159.jpg,apple_golden_3,[0.12272955 1.2366881  0.01647424 ... 0.         0.06656113 0.3127673 ],-11.196591438098936,-2.168165481099757
s3://fruitlabbucket/images/apple_golden_3/r1_311.jpg,apple_golden_3,[0.10522047 0.30563548 0.13533492 ... 0.         0.22389376 0.        ],-11.938929663624746,-1.8461633086061748
s3://fruitlabbucket/images/apple_golden_3/r0_95.jpg,apple_golden_3,[0.03983678 0.5645987  0.05220192 ... 0.         0.09862348 0.02879937],-11.70613985545586,-2.4361032261396547
s3://fruitlabbucket/images/apple_golden_3/r0_311.jpg,apple_golden_3,[0.31870788 0.6508736  0.04169606 ... 0.0586758  0.19626279 0.00844973],-11.578849380685623,-3.502982683714811
s3://fruitlabbucket/images/apple_golden_3/r0_279.jpg,apple_golden_3,[0.10362863 1.4608428  0.22900406 ... 0.         0.09645774 0.        ],-4.034636001230039,9.313007949455232
s3://fruitlabbucket/images/apple_golden_3/r0_15.jpg,apple_golden_3,[0.07678966 0.24990448 0.06812826 ... 0.10674312 0.4344137  0.        ],-2.31599120495809,9.043073332806628
s3://fruitlabbucket/images/apple_golden_3/r1_195.jpg,apple_golden_3,[0.20090248 0.5488549  0.57939035 ... 0.         0.57574886 0.        ],-3.9081072328567616,-2.706105114275452
s3://fruitlabbucket/images/apple_golden_3/r1_219.jpg,apple_golden_3,[0.16911958 0.30398804 0.30466077 ... 0.         0.08001149 0.        ],-7.836789916430457,-2.121421074814569
s3://fruitlabbucket/images/apple_golden_3/r1_79.jpg,apple_golden_3,[0.16668274 0.73982346 0.12610152 ... 0.         0.973639   0.        ],-8.813351193812938,-2.622018115722003
s3://fruitlabbucket/images/apple_golden_3/r1_75.jpg,apple_golden_3,[0.1640045  0.3391504  0.12713656 ... 0.         0.5939928  0.        ],-8.941300500665148,-1.845309077615374
s3://fruitlabbucket/images/apple_golden_3/r1_255.jpg,apple_golden_3,[0.24915186 1.8358985  0.1856763  ... 0.         0.5773474  0.        ],-10.76374083391151,-3.870170783528128
s3://fruitlabbucket/images/apple_golden_3/r1_155.jpg,apple_golden_3,[0.16170798 1.1934084  0.11905626 ... 0.         0.21545656 0.5183793 ],-11.168686534911744,-3.7492254328940273
s3://fruitlabbucket/images/apple_golden_3/r0_7.jpg,apple_golden_3,[0.16968949 0.42179948 0.04136635 ... 0.29476905 0.39391565 0.        ],-10.961101985929297,-3.759711809353874
s3://fruitlabbucket/images/apple_golden_3/r0_227.jpg,apple_golden_3,[0.7874667  0.8079613  0.         ... 0.         0.33597052 0.01916651],4.263810144600055,-0.8220450246599463
s3://fruitlabbucket/images/apple_golden_3/r0_127.jpg,apple_golden_3,[0.03491544 0.41606665 0.05179247 ... 0.         0.18628259 0.        ],-1.6700955746126036,-2.9304333262933078
s3://fruitlabbucket/images/apple_golden_3/r0_291.jpg,apple_golden_3,[0.29255825 1.201273   0.11150569 ... 0.         0.17982447 0.        ],-0.072822796417589,-3.2447331430264352
s3://fruitlabbucket/images/apple_golden_3/r0_11.jpg,apple_golden_3,[0.30089343 0.23635876 0.03912937 ... 0.18013276 0.4677872  0.06710979],-10.892213803518407,-1.7341799182277668
s3://fruitlabbucket/images/apple_red_3/r1_123.jpg,apple_red_3,[0.38263398 0.00429784 0.         ... 0.         1.0383279  0.        ],-12.249254740403448,-2.3047045414085603
s3://fruitlabbucket/images/apple_red_3/r1_159.jpg,apple_red_3,[0.7974975  0.01252924 0.0215863  ... 0.         0.62918776 0.        ],-8.756815105162268,-3.052392345035615
s3://fruitlabbucket/images/apple_golden_3/r1_319.jpg,apple_golden_3,[0.07716094 0.14508043 0.01860144 ... 0.         0.08879182 0.        ],-10.009746221309571,-2.756593347327921
s3://fruitlabbucket/images/apple_golden_3/r1_191.jpg,apple_golden_3,[0.21385823 0.66873264 1.2848372  ... 0.         1.1370533  0.        ],-8.501644939507122,-1.980153139828284
s3://fruitlabbucket/images/apple_golden_3/r0_71.jpg,apple_golden_3,[0.121975   0.23050205 0.04840467 ... 0.         0.51929    0.        ],-2.4162301172884084,4.8337044679076735
s3://fruitlabbucket/images/apple_golden_3/r0_179.jpg,apple_golden_3,[0.9224899  0.7918149  0.0221431  ... 0.         0.13516052 0.03764515],3.914915584762401,-3.18247895235316
s3://fruitlabbucket/images/apple_golden_3/r0_43.jpg,apple_golden_3,[0.71738714 0.22384477 0.21279132 ... 0.         0.43105128 0.        ],2.101187092211121,-3.5836606335598846
s3://fruitlabbucket/images/apple_golden_3/r1_291.jpg,apple_golden_3,[0.16810767 0.65368974 0.11178271 ... 0.         0.08790282 0.        ],-11.74671618222372,-2.294094734799926
s3://fruitlabbucket/images/apple_golden_3/r0_207.jpg,apple_golden_3,[0.9692035  0.67079824 0.         ... 0.         0.33053675 0.0026127 ],-8.322775081826249,-2.0286325360973163
s3://fruitlabbucket/images/apple_golden_3/r0_219.jpg,apple_golden_3,"[1.1377809e+00 9.3072104e-01 0.0000000e+00 ... 0.0000000e+00 2.5381657e-01
 1.0285766e-03]",-10.977954764293658,-4.847594407903507
s3://fruitlabbucket/images/apple_golden_3/r0_87.jpg,apple_golden_3,[0.04031673 0.13480966 0.08830095 ... 0.         0.22682801 0.02964054],-11.069684626618503,-2.430090428662856
s3://fruitlabbucket/images/apple_red_3/r1_143.jpg,apple_red_3,[0.41328076 0.11935749 0.         ... 0.         0.59924626 0.        ],-1.1707148469680566,2.7716667086172406
s3://fruitlabbucket/images/apple_red_3/r1_207.jpg,apple_red_3,[0.45908841 0.44799733 0.         ... 0.         1.2616558  0.00150554],3.677589844479284,-1.4215441132206492
s3://fruitlabbucket/images/apple_golden_3/r1_87.jpg,apple_golden_3,[0.03893219 0.600444   0.11082803 ... 0.         0.2713556  0.        ],0.0981177987230778,-2.827927513472316
s3://fruitlabbucket/images/apple_golden_3/r1_315.jpg,apple_golden_3,[0.11466404 0.2180382  0.00986928 ... 0.         0.2449095  0.        ],-6.550064472618003,-6.4617583536461565
s3://fruitlabbucket/images/apple_golden_3/r1_295.jpg,apple_golden_3,[0.3225597  0.6187812  0.06047845 ... 0.         0.2878347  0.06558599],-10.81657904975405,-2.753998790377393
s3://fruitlabbucket/images/apple_golden_3/r0_47.jpg,apple_golden_3,[1.0173451  0.2697914  0.27003035 ... 0.         0.8615187  0.        ],-10.811832366692872,-2.9542050749347064
s3://fruitlabbucket/images/apple_golden_3/r0_195.jpg,apple_golden_3,[1.0482571  0.5304655  0.21044676 ... 0.         0.2224362  0.03968278],-11.069616530063918,-2.973188514206341
s3://fruitlabbucket/images/apple_golden_3/r0_163.jpg,apple_golden_3,[0.29765168 0.25300017 0.1827921  ... 0.         0.09225125 0.        ],6.252899810160665,-7.691935181369543
s3://fruitlabbucket/images/apple_golden_3/r0_139.jpg,apple_golden_3,[0.04522254 0.15760796 0.         ... 0.         0.03845156 0.        ],0.1300509418363268,-8.154962723951632
s3://fruitlabbucket/images/apple_golden_3/r1_119.jpg,apple_golden_3,[0.04559528 0.7062342  0.1293542  ... 0.         0.45748192 0.        ],-2.153813120048876,-2.323505896648766
s3://fruitlabbucket/images/apple_red_3/r0_71.jpg,apple_red_3,[0.4208396  0.09118856 0.04325878 ... 0.         0.45844382 0.        ],-8.133916746907532,-2.238203628230067
s3://fruitlabbucket/images/apple_golden_3/r1_207.jpg,apple_golden_3,[0.13764632 0.33332804 0.2924037  ... 0.         0.16626288 0.        ],-10.438382701476398,-2.852249067067908
s3://fruitlabbucket/images/apple_golden_3/r1_11.jpg,apple_golden_3,[0.01971125 0.02803866 0.         ... 0.         0.06397773 0.        ],-10.52559469815028,-4.959190891336501
s3://fruitlabbucket/images/apple_golden_3/r1_271.jpg,apple_golden_3,[0.06443563 1.3548664  0.         ... 0.         0.42569846 0.        ],-8.98564962795342,-2.518050860223274
s3://fruitlabbucket/images/apple_golden_3/r1_151.jpg,apple_golden_3,[0.03878476 0.9005801  0.07454082 ... 0.         0.19765791 0.34123814],-0.0175254652624131,4.392795997893471
s3://fruitlabbucket/images/apple_golden_3/r0_295.jpg,apple_golden_3,[0.20183277 0.8772979  0.10040928 ... 0.         0.32330498 0.        ],3.5311206656679155,-1.1361823424103372
s3://fruitlabbucket/images/apple_golden_3/r0_75.jpg,apple_golden_3,[0.19153737 0.03685628 0.06068775 ... 0.         0.5342895  0.01067505],-0.6464022751147958,-8.456280551062944
s3://fruitlabbucket/images/apple_golden_3/r0_231.jpg,apple_golden_3,[1.081702   1.0593822  0.01666102 ... 0.         0.28723073 0.01048942],-7.063092719065186,-2.2489292806425167
s3://fruitlabbucket/images/apple_golden_3/r0_79.jpg,apple_golden_3,[0.1763106  0.01905394 0.00245015 ... 0.         0.07754697 0.04585151],-10.349144549457836,-4.908955340685552
s3://fruitlabbucket/images/apple_golden_3/r0_255.jpg,apple_golden_3,[0.3461438  1.6524282  0.09631735 ... 0.         0.09247023 0.        ],-11.146468857999936,-2.81124094525898
s3://fruitlabbucket/images/apple_red_3/r1_67.jpg,apple_red_3,[1.0281144  0.21647842 0.         ... 0.         0.52563965 0.        ],-9.965130143212948,-2.146288693814553
s3://fruitlabbucket/images/apple_red_3/r1_47.jpg,apple_red_3,[0.91958475 0.0048475  0.06317181 ... 0.         0.36701852 0.        ],-3.761462123986224,9.137870174893804
s3://fruitlabbucket/images/apple_golden_3/r1_23.jpg,apple_golden_3,[0.00038801 0.02990435 0.         ... 0.         0.23117657 0.        ],-2.149227891738996,-7.600726768245805
s3://fruitlabbucket/images/apple_golden_3/r0_59.jpg,apple_golden_3,[0.88153046 0.0516472  0.13603167 ... 0.         0.7572405  0.02478452],-8.536648399178619,-3.0918354060038955
s3://fruitlabbucket/images/apple_golden_3/r0_63.jpg,apple_golden_3,[0.25517163 0.077114   0.00328003 ... 0.         0.35281157 0.10346539],-10.088418676746436,-4.674955308663205
s3://fruitlabbucket/images/apple_golden_3/r0_91.jpg,apple_golden_3,[0.03135243 0.27626175 0.33400828 ... 0.         0.28537863 0.01385238],-9.26965767817538,-1.9458095182239512
s3://fruitlabbucket/images/apple_golden_3/r0_307.jpg,apple_golden_3,[0.40297696 0.493785   0.11002355 ... 0.         0.34000826 0.        ],-10.627928595117204,-4.507120225323974
s3://fruitlabbucket/images/apple_golden_3/r0_235.jpg,apple_golden_3,[0.6865032  0.4876196  0.10176486 ... 0.         0.21168526 0.00285221],-9.473638708901236,-2.688000540657611
s3://fruitlabbucket/images/apple_golden_3/r1_111.jpg,apple_golden_3,[0.11400261 0.6017224  0.0230205  ... 0.         0.296235   0.0234752 ],6.719816648050107,-7.83427763029582
s3://fruitlabbucket/images/apple_golden_3/r1_131.jpg,apple_golden_3,[0.11627716 0.8975718  0.17352293 ... 0.         0.5861923  0.        ],3.5304010299746125,-5.003137516625857
s3://fruitlabbucket/images/apple_golden_3/r1_231.jpg,apple_golden_3,[0.00568016 1.5822337  0.212366   ... 0.         0.0536352  0.        ],-7.930174677638315,-2.08509944486945
s3://fruitlabbucket/images/apple_red_3/r1_267.jpg,apple_red_3,[0.2294314  0.15424824 0.00929171 ... 0.         0.07010765 0.        ],-8.265493389099326,-2.310961364777756
s3://fruitlabbucket/images/apple_golden_3/r1_19.jpg,apple_golden_3,[0.01068666 0.0356304  0.         ... 0.         0.29470626 0.        ],-10.792213190580409,-4.277112009635902
s3://fruitlabbucket/images/apple_golden_3/r1_307.jpg,apple_golden_3,[0.06224233 0.46533313 0.3269887  ... 0.         0.36507985 0.        ],-9.94911741324426,-3.875145089087109
s3://fruitlabbucket/images/apple_golden_3/r1_263.jpg,apple_golden_3,[0.04974041 1.6221663  0.21503523 ... 0.01513963 0.63280797 0.        ],-2.945151591101169,10.74658209760963
s3://fruitlabbucket/images/apple_golden_3/r0_35.jpg,apple_golden_3,[0.8260493  0.12010842 0.16550772 ... 0.         0.6125474  0.        ],4.3453525552964605,-1.8672315180724124
s3://fruitlabbucket/images/apple_golden_3/r0_151.jpg,apple_golden_3,[0.767677   0.42100653 0.12440664 ... 0.         0.21890908 0.        ],-9.167977165417556,-2.1309486876943886
s3://fruitlabbucket/images/apple_golden_3/r0_263.jpg,apple_golden_3,[0.21877004 1.4801036  0.05144496 ... 0.         0.11373772 0.        ],-9.5199646338698,-2.434510999765505
s3://fruitlabbucket/images/apple_golden_3/r0_239.jpg,apple_golden_3,[0.57537425 0.6314819  0.06649431 ... 0.         0.19008543 0.03212637],-8.457676348840367,-2.207657863892305
s3://fruitlabbucket/images/apple_golden_3/r0_267.jpg,apple_golden_3,[0.12992945 1.475789   0.20319854 ... 0.         0.08665479 0.        ],-10.40008599625654,-4.336080443565721
